cve_id_c,cve_link_c
CVE-2020-15007,https://github.com/AXDOOMER/doom-vanille/commit/8a6d9a02fa991a91ff90ccdc73b5ceabaa6cb9ec
CVE-2020-14976,https://github.com/GNS3/ubridge/commit/2eb0d1dab6a6de76cf3556130a2d52af101077db
CVE-2020-14954,https://github.com/neomutt/neomutt/commit/fb013ec666759cb8a9e294347c7b4c1f597639cc
CVE-2020-14405,https://github.com/LibVNC/libvncserver/commit/8937203441ee241c4ace85da687b7d6633a12365
CVE-2020-14404,https://github.com/LibVNC/libvncserver/commit/74e8a70f2c9a5248d6718ce443e07c7ed314dfff
CVE-2020-14401,https://github.com/LibVNC/libvncserver/commit/a6788d1da719ae006605b78d22f5a9f170b423af
CVE-2020-14400,https://github.com/LibVNC/libvncserver/commit/53073c8d7e232151ea2ecd8a1243124121e10e2d
CVE-2020-14399,https://github.com/LibVNC/libvncserver/commit/23e5cbe6b090d7f22982aee909a6a618174d3c2d
CVE-2020-14398,https://github.com/LibVNC/libvncserver/commit/57433015f856cc12753378254ce4f1c78f5d9c7b
CVE-2020-14397,https://github.com/LibVNC/libvncserver/commit/38e98ee61d74f5f5ab4aa4c77146faad1962d6d0
CVE-2020-14396,https://github.com/LibVNC/libvncserver/commit/33441d90a506d5f3ae9388f2752901227e430553
CVE-2020-14214,https://github.com/zammad/zammad/commit/40148392426f626cb779c76d6bdda0f67bd6069d
CVE-2020-14163,https://github.com/jerryscript-project/jerryscript/commit/c2b662170245a16f46ce02eae68815c325d99821
CVE-2020-14156,https://github.com/openbmc/phosphor-host-ipmid/commit/b265455a2518ece7c004b43c144199ec980fc620
CVE-2020-14147,https://github.com/antirez/redis/commit/ef764dde1cca2f25d00686673d1bc89448819571
CVE-2020-14093,https://github.com/muttmua/mutt/commit/3e88866dc60b5fa6aaba6fd7c1710c12c1c3cd01
CVE-2020-14067,https://github.com/NavigateCMS/Navigate-CMS/commit/f1f47126b359d73a2635306ae46d8719c14d240b
CVE-2020-14004,https://github.com/Icinga/icinga2/pull/8045/commits/2f0f2e8c355b75fa4407d23f85feea037d2bc4b6
CVE-2020-13904,https://github.com/FFmpeg/FFmpeg/commit/6959358683c7533f586c07a766acc5fe9544d8b2
CVE-2020-13881,https://github.com/kravietz/pam_tacplus/commit/4a9852c31c2fd0c0e72fbb689a586aabcfb11cb0
CVE-2020-13848,https://github.com/pupnp/pupnp/commit/c805c1de1141cb22f74c0d94dd5664bda37398e0
CVE-2020-13798,https://github.com/NavigateCMS/Navigate-CMS/commit/e690bb5d7bbe9df9052b13c403ca0ac5e58054d4
CVE-2020-13795,https://github.com/NavigateCMS/Navigate-CMS/commit/88b41c7665ac7181be063b7a541dded7b207d9e7
CVE-2020-13790,https://github.com/libjpeg-turbo/libjpeg-turbo/commit/3de15e0c344d11d4b90f4a47136467053eb2d09a
CVE-2020-13775,https://github.com/znc/znc/commit/2390ad111bde16a78c98ac44572090b33c3bd2d8
CVE-2020-13765,https://github.com/qemu/qemu/commit/4f1c6cb2f9afafda05eab150fd2bd284edce6676
CVE-2020-12887,https://github.com/mjurczak/mbed-coap/commit/4647a68e364401e81dbd370728127d844f221d93
CVE-2020-12723,https://github.com/perl/perl5/commit/66bbb51b93253a3f87d11c2695cfb7bdb782184a
CVE-2020-12062,https://github.com/openssh/openssh-portable/commit/955854cafca88e0cdcd3d09ca1ad4ada465364a1
CVE-2020-11735,https://github.com/wolfSSL/wolfssl/commit/1de07da61f0c8e9926dcbd68119f73230dae283f
CVE-2020-11099,https://github.com/FreeRDP/FreeRDP/commit/6ade7b4cbfd71c54b3d724e8f2d6ac76a58e879a
CVE-2020-11098,https://github.com/FreeRDP/FreeRDP/commit/c0fd449ec0870b050d350d6d844b1ea6dad4bc7d
CVE-2020-11097,https://github.com/FreeRDP/FreeRDP/commit/58a3122250d54de3a944c487776bcd4d1da4721e
CVE-2020-11096,https://github.com/FreeRDP/FreeRDP/commit/b8beb55913471952f92770c90c372139d78c16c0
CVE-2020-11095,https://github.com/FreeRDP/FreeRDP/commit/733ee3208306b1ea32697b356c0215180fc3f049
CVE-2020-11080,https://github.com/nghttp2/nghttp2/commit/f8da73bd042f810f34d19f9eae02b46d870af394
CVE-2020-11068,https://github.com/Lora-net/LoRaMac-node/commit/e3063a91daa7ad8a687223efa63079f0c24568e4
CVE-2020-10878,https://github.com/perl/perl5/commit/3295b48defa0f8570114877b063fe546dd348b3c
CVE-2020-10739,https://github.com/istio/envoy/commit/8788a3cf255b647fd14e6b5e2585abaaedb28153
CVE-2020-10732,https://github.com/ruscur/linux/commit/a95cdec9fa0c08e6eeb410d461c03af8fd1fef0a
CVE-2020-10543,https://github.com/perl/perl5/commit/897d1f7fd515b828e4b198d8b8bef76c6faf03ed
CVE-2020-10071,https://github.com/zephyrproject-rtos/zephyr/pull/23821/commits/989c4713ba429aa5105fe476b4d629718f3e6082
CVE-2020-10070,https://github.com/zephyrproject-rtos/zephyr/pull/23821/commits/0b39cbf3c01d7feec9d0dd7cc7e0e374b6113542
CVE-2020-10062,https://github.com/zephyrproject-rtos/zephyr/pull/23821/commits/11b7a37d9a0b438270421b224221d91929843de4
CVE-2020-7670,https://github.com/ohler55/agoo/commit/23d03535cf7b50d679a60a953a0cae9519a4a130
CVE-2020-7667,https://github.com/sassoftware/go-rpmutils/commit/a64058cf21b8aada501bba923c9aab66fb6febf0
CVE-2020-4033,https://github.com/FreeRDP/FreeRDP/commit/0a98c450c58ec150e44781c89aa6f8e7e0f571f5
CVE-2020-4032,https://github.com/FreeRDP/FreeRDP/commit/e7bffa64ef5ed70bac94f823e2b95262642f5296
CVE-2020-4031,https://github.com/FreeRDP/FreeRDP/commit/6d86e20e1e7caaab4f0c7f89e36d32914dbccc52
CVE-2020-4030,https://github.com/FreeRDP/FreeRDP/commit/05cd9ea2290d23931f615c1b004d4b2e69074e27
CVE-2019-20892,https://github.com/net-snmp/net-snmp/commit/5f881d3bf24599b90d67a45cae7a3eb099cd71c9
CVE-2019-20840,https://github.com/LibVNC/libvncserver/commit/0cf1400c61850065de590d403f6d49e32882fd76
CVE-2019-20839,https://github.com/LibVNC/libvncserver/commit/3fd03977c9b35800d73a865f167338cb4d05b0c1
CVE-2019-20805,https://github.com/upx/upx/commit/8be9da8280dfa69d5df4417d4d81bda1cab78010
CVE-2020-16166,https://github.com/torvalds/linux/commit/f227e3ec3b5cad859ad15666874405e8c1bbc1d4
CVE-2020-16088,https://github.com/openbsd/src/commit/7afb2d41c6d373cf965285840b85c45011357115
CVE-2020-15945,https://github.com/lua/lua/commit/a2195644d89812e5b157ce7bac35543e06db05e3
CVE-2020-15908,https://github.com/CauldronDevelopmentLLC/cbang/commit/1c1dba62bd3e6fa9d0d0c0aa21926043b75382c7
CVE-2020-15904,https://github.com/ilanschnell/bsdiff4/commit/49a4cee2feef7deaf9d89e5e793a8824930284d7
CVE-2020-15900,https://github.com/ArtifexSoftware/ghostpdl/commit/5d499272b95a6b890a1397e11d20937de000d31b
CVE-2020-15889,https://github.com/lua/lua/commit/127e7a6c8942b362aa3c6627f44d660a4fb75312
CVE-2020-15888,https://github.com/lua/lua/commit/6298903e35217ab69c279056f925fb72900ce0b7
CVE-2020-15852,https://github.com/torvalds/linux/commit/cadfad870154e14f745ec845708bc17d166065f2
CVE-2020-15711,https://github.com/MISP/MISP/commit/bf4610c947c7dc372c4078f363d2dff6ae0703a8
CVE-2020-15569,https://github.com/milkytracker/MilkyTracker/commit/7afd55c42ad80d01a339197a2d8b5461d214edaf
CVE-2020-15503,https://github.com/LibRaw/LibRaw/commit/20ad21c0d87ca80217aee47533d91e633ce1864d
CVE-2020-15476,https://github.com/ntop/nDPI/commit/b69177be2fbe01c2442239a61832c44e40136c05
CVE-2020-15475,https://github.com/ntop/nDPI/commit/6a9f5e4f7c3fd5ddab3e6727b071904d76773952
CVE-2020-15474,https://github.com/ntop/nDPI/commit/23594f036536468072198a57c59b6e9d63caf6ce
CVE-2020-15473,https://github.com/ntop/nDPI/commit/8e7b1ea7a136cc4e4aa9880072ec2d69900a825e
CVE-2020-15472,https://github.com/ntop/nDPI/commit/b7e666e465f138ae48ab81976726e67deed12701
CVE-2020-15471,https://github.com/ntop/nDPI/commit/61066fb106efa6d3d95b67e47b662de208b2b622
CVE-2020-15121,https://github.com/radareorg/radare2/commit/04edfa82c1f3fa2bc3621ccdad2f93bdbf00e4f9
CVE-2020-15117,https://github.com/symless/synergy-core/commit/0a97c2be0da2d0df25cb86dfd642429e7a8bea39
CVE-2020-15108,https://github.com/glpi-project/glpi/commit/a4baa64114eb92fd2adf6056a36e0582324414ba
CVE-2020-8916,https://github.com/openthread/wpantund/pull/468/commits/0e5d1601febb869f583e944785e5685c6c747be7
CVE-2020-7693,https://github.com/sockjs/sockjs-node/commit/dd7e642cd69ee74385825816d30642c43e051d16
CVE-2020-4061,https://github.com/octobercms/october/commit/b384954a29b89117e1c0d6035b3ede4f46df67c5
CVE-2019-20915,https://github.com/LibreDWG/libredwg/commit/95cc9300430d35feb05b06a9badf678419463dbe
CVE-2019-20914,https://github.com/LibreDWG/libredwg/commit/3b837bb72d6b9ab4d563faa211f90efc257e3c96
CVE-2019-20912,https://github.com/LibreDWG/libredwg/commit/b84c2cab55948a5ee70860779b2640913e3ee1ed
CVE-2019-20911,https://github.com/LibreDWG/libredwg/commit/c6f6668b82bfe595899cc820279ac37bb9ef16f5
CVE-2019-20909,https://github.com/LibreDWG/libredwg/commit/d7913b893bfa98fab27f05825dc4cab2d3a20c83
CVE-2020-24717,https://github.com/openzfs/zfs/commit/716b53d0a14c72bda16c0872565dd1909757e73f
CVE-2020-24716,https://github.com/openzfs/zfs/commit/716b53d0a14c72bda16c0872565dd1909757e73f
CVE-2020-24572,https://github.com/billz/raspap-webgui/commit/dd5ab7bdc213381ee552001dd80c41ca47afab00
CVE-2020-24371,https://github.com/lua/lua/commit/a6da1472c0c5e05ff249325f979531ad51533110
CVE-2020-24370,https://github.com/lua/lua/commit/a585eae6e7ada1ca9271607a4f48dfb17868ab7b
CVE-2020-24369,https://github.com/lua/lua/commit/ae5b5ba529753c7a653901ffc29b5ea24c3fdf3a
CVE-2020-24342,https://github.com/lua/lua/commit/34affe7a63fc5d842580a9f23616d057e17dfe27
CVE-2020-15862,https://github.com/net-snmp/net-snmp/commit/77f6c60f57dba0aaea5d8ef1dd94bcd0c8e6d205
CVE-2020-15861,https://github.com/net-snmp/net-snmp/commit/4fd9a450444a434a993bc72f7c3486ccce41f602
CVE-2020-15164,https://github.com/InternationalScratchWiki/mediawiki-scratch-login/commit/70849ef375016a1061490c8c4744046dbfc3e679
CVE-2020-15158,https://github.com/mz-automation/libiec61850/commit/033ab5b6488250c8c3b838f25a7cbc3e099230bb
CVE-2020-8905,https://github.com/google/asylo/commit/299f804acbb95a612ab7c504d25ab908aa59ae93
CVE-2020-8904,https://github.com/google/asylo/commit/e582f36ac49ee11a21d23ad6a30c333092e0a94e
CVE-2020-26088,https://github.com/torvalds/linux/commit/26896f01467a28651f7a536143fe5ac8449d4041
CVE-2020-25766,https://github.com/MISP/MISP/commit/164963100a830234744a6004d5eda55d24e97b2a
CVE-2020-24753,https://github.com/objsys/oocborrt/commit/539851c66778f68a244633985f6f8d0df94ea3b3
CVE-2020-24654,https://github.com/KDE/ark/commit/8bf8c5ef07b0ac5e914d752681e470dea403a5bd
CVE-2020-24619,https://github.com/mltframework/shotcut/commit/f008adc039642307f6ee3378d378cdb842e52c1d
CVE-2020-24074,https://github.com/kn007/silk-v3-decoder/commit/d216599502662db01c07cc0dfd95ff1f1eaaea02
CVE-2020-15214,https://github.com/tensorflow/tensorflow/commit/204945b19e44b57906c9344c0d00120eeeae178a
CVE-2020-15211,https://github.com/tensorflow/tensorflow/commit/e11f55585f614645b360563072ffeb5c3eeff162
CVE-2020-15210,https://github.com/tensorflow/tensorflow/commit/d58c96946b2880991d63d1dacacb32f0a4dfa453
CVE-2020-15209,https://github.com/tensorflow/tensorflow/commit/0b5662bc2be13a8c8f044d925d87fb6e56247cd8
CVE-2020-15206,https://github.com/tensorflow/tensorflow/commit/adf095206f25471e864a8e63a0f1caef53a0e3a6
CVE-2020-15205,https://github.com/tensorflow/tensorflow/commit/0462de5b544ed4731aa2fb23946ac22c01856b80
CVE-2020-15204,https://github.com/tensorflow/tensorflow/commit/9a133d73ae4b4664d22bd1aa6d654fec13c52ee1
CVE-2020-15203,https://github.com/tensorflow/tensorflow/commit/33be22c65d86256e6826666662e40dbdfe70ee83
CVE-2020-15202,https://github.com/tensorflow/tensorflow/commit/27b417360cbd671ef55915e4bb6bb06af8b8a832
CVE-2020-15196,https://github.com/tensorflow/tensorflow/commit/3cbb917b4714766030b28eba9fb41bb97ce9ee02
CVE-2020-15195,https://github.com/tensorflow/tensorflow/commit/390611e0d45c5793c7066110af37c8514e6a6c54
CVE-2020-15193,https://github.com/tensorflow/tensorflow/commit/22e07fb204386768e5bcbea563641ea11f96ceb8
CVE-2020-15190,https://github.com/tensorflow/tensorflow/commit/da8558533d925694483d2c136a9220d6d49d843c
CVE-2020-11684,https://github.com/linux4sam/at91bootstrap/commit/45419497309ffbf27c17ea7938499aca99168927
CVE-2020-11683,https://github.com/linux4sam/at91bootstrap/commit/7753914c9a622c245f3a3cf2af5e24b6a9904213
CVE-2020-10758,https://github.com/keycloak/keycloak/commit/bee4ca89897766c4b68856eafe14f1a3dad34251
CVE-2020-1913,https://github.com/facebook/hermes/commit/2c7af7ec481ceffd0d14ce2d7c045e475fd71dc6
CVE-2020-1912,https://github.com/facebook/hermes/commit/091835377369c8fd5917d9b87acffa721ad2a168
CVE-2020-1911,https://github.com/facebook/hermes/commit/fe52854cdf6725c2eaa9e125995da76e6ceb27da
CVE-2019-20918,https://github.com/inspircd/inspircd/commit/bcd65de1ec4bb71591ae417fee649d7ecd37cd57
CVE-2019-20917,https://github.com/inspircd/inspircd/commit/8745660fcdac7c1b80c94cfc0ff60928cd4dd4b7
CVE-2020-27996,https://github.com/smartstore/SmartStoreNET/commit/8702c6140f4fc91956ef35dba12d24492fb3f768
CVE-2020-27678,https://github.com/illumos/illumos-gate/commit/1d276e0b382cf066dae93640746d8b4c54d15452
CVE-2020-27675,https://github.com/torvalds/linux/commit/073d0552ead5bfc7a3a9c01de590e924f11b5dd2
CVE-2020-27673,https://github.com/torvalds/linux/commit/e99502f76271d6bc4e374fe368c50c67a1fd3070
CVE-2020-27638,https://github.com/NeoRaider/fastd/commit/737925113363b6130879729cdff9ccc46c33eaea
CVE-2020-27560,https://github.com/ImageMagick/ImageMagick/commit/ef59bd764f88d893f1219fee8ba696a5d3f8c1c4
CVE-2020-27194,https://github.com/torvalds/linux/commit/5b9fbeb75b6a98955f628e205ac26689bcb1383e
CVE-2020-26870,https://github.com/cure53/DOMPurify/commit/02724b8eb048dd219d6725b05c3000936f11d62d
CVE-2020-26572,https://github.com/OpenSC/OpenSC/commit/9d294de90d1cc66956389856e60b6944b27b4817
CVE-2020-26570,https://github.com/OpenSC/OpenSC/commit/6903aebfddc466d966c7b865fae34572bf3ed23e
CVE-2020-26164,https://github.com/KDE/kdeconnect-kde/commit/8112729eb0f13e6947984416118531078e65580d
CVE-2020-21674,https://github.com/libarchive/libarchive/commit/4f085eea879e2be745f4d9bf57e8513ae48157f4
CVE-2020-15266,https://github.com/tensorflow/tensorflow/pull/42143/commits/3ade2efec2e90c6237de32a19680caaa3ebc2845
CVE-2020-15265,https://github.com/tensorflow/tensorflow/commit/eccb7ec454e6617738554a255d77f08e60ee0808
CVE-2020-15262,https://github.com/waysact/webpack-subresource-integrity/commit/3d7090c08c333fcfb10ad9e2d6cf72e2acb7d87f
CVE-2020-15261,https://github.com/veyon/veyon/commit/f231ec511b9a09f43f49b2c7bb7c60b8046276b1
CVE-2020-15226,https://github.com/glpi-project/glpi/commit/3dc4475c56b241ad659cc5c7cb5fb65727409cf0
CVE-2020-15224,https://github.com/openenclave/openenclave/commit/bcac8e7acb514429fee9e0b5d0c7a0308fd4d76b
CVE-2020-15217,https://github.com/glpi-project/glpi/commit/39e25591efddc560e3679ab07e443ee6198705e2
CVE-2020-15176,https://github.com/glpi-project/glpi/commit/f021f1f365b4acea5066d3e57c6d22658cf32575
CVE-2020-15174,https://github.com/electron/electron/commit/18613925610ba319da7f497b6deed85ad712c59b
CVE-2020-1915,https://github.com/facebook/hermes/commit/8cb935cd3b2321c46aa6b7ed8454d95c75a7fca0
CVE-2020-1914,https://github.com/facebook/hermes/commit/b2021df620824627f5a8c96615edbd1eb7fdddfc
CVE-2020-29367,https://github.com/Blosc/c-blosc2/commit/c4c6470e88210afc95262c8b9fcc27e30ca043ee
CVE-2020-29074,https://github.com/LibVNC/x11vnc/commit/69eeb9f7baa14ca03b16c9de821f9876def7a36a
CVE-2020-28947,https://github.com/MISP/MISP/commit/626ca544ffb5604ea01bb291f69811668b6b5631
CVE-2020-28941,https://github.com/torvalds/linux/commit/d4122754442799187d5d537a9c039a49a67e57f1
CVE-2020-28896,https://github.com/neomutt/neomutt/commit/9c36717a3e2af1f2c1b7242035455ec8112b4b06
CVE-2020-28196,https://github.com/krb5/krb5/commit/57415dda6cf04e73ffc3723be518eddfae599bfd
CVE-2020-28042,https://github.com/ServiceStack/ServiceStack/commit/540d4060e877a03ae95343c1a8560a26768585ee
CVE-2020-27347,https://github.com/tmux/tmux/commit/a868bacb46e3c900530bed47a1c6f85b0fbe701c
CVE-2020-26243,https://github.com/nanopb/nanopb/commit/4fe23595732b6f1254cfc11a9b8d6da900b55b0c
CVE-2020-26212,https://github.com/glpi-project/glpi/commit/527280358ec78988ac57e9809d2eb21fcd74caf7
CVE-2020-26207,https://github.com/martinjw/dbschemareader/commit/4c0ab7b1fd8c4e3140f9fd54d303f107a9c8d994
CVE-2020-24881,https://github.com/osTicket/osTicket/commit/d98c2d096aeb8876c6ab2f88317cd371d781f14d
CVE-2020-20740,https://github.com/enferex/pdfresurrect/commit/1b422459f07353adce2878806d5247d9e91fb397
CVE-2020-20739,https://github.com/libvips/libvips/commit/2ab5aa7bf515135c2b02d42e9a72e4c98e17031a
CVE-2020-8037,https://github.com/the-tcpdump-group/tcpdump/commit/32027e199368dad9508965aae8cd8de5b6ab5231
CVE-2020-8036,https://github.com/the-tcpdump-group/tcpdump/commit/e2256b4f2506102be2c6f7976f84f0d607c53d43
CVE-2020-7765,https://github.com/firebase/firebase-js-sdk/commit/9cf727fcc3d049551b16ae0698ac33dc2fe45ada
CVE-2020-6019,https://github.com/ValveSoftware/GameNetworkingSockets/commit/d944a10808891d202bb1d5e1998de6e0423af678
CVE-2020-6016,https://github.com/ValveSoftware/GameNetworkingSockets/commit/e0c86dcb9139771db3db0cfdb1fb8bef0af19c43
CVE-2020-35680,https://github.com/openbsd/src/commit/6c3220444ed06b5796dedfd53a0f4becd903c0d1
CVE-2020-35679,https://github.com/openbsd/src/commit/79a034b4aed29e965f45a13409268290c9910043
CVE-2020-35605,https://github.com/kovidgoyal/kitty/commit/82c137878c2b99100a3cdc1c0f0efea069313901
CVE-2020-35573,https://github.com/roehling/postsrsd/commit/4733fb11f6bec6524bb8518c5e1a699288c26bac
CVE-2020-29572,https://github.com/MISP/MISP/commit/0bfc0bf38a7758b27c5c446fec5e3b905e5a54ab
CVE-2020-27764,https://github.com/ImageMagick/ImageMagick6/commit/3e21bc8a58b4ae38d24c7e283837cc279f35b6a5
CVE-2020-26273,https://github.com/osquery/osquery/commit/c3f9a3dae22d43ed3b4f6a403cbf89da4cba7c3c
CVE-2020-26271,https://github.com/tensorflow/tensorflow/commit/0cc38aaa4064fd9e79101994ce9872c6d91f816b
CVE-2020-26270,https://github.com/tensorflow/tensorflow/commit/14755416e364f17fb1870882fa778c7fec7f16e3
CVE-2020-26269,https://github.com/tensorflow/tensorflow/commit/8b5b9dc96666a3a5d27fad7179ff215e3b74b67c
CVE-2020-26268,https://github.com/tensorflow/tensorflow/commit/c1e1fc899ad5f8c725dcbb6470069890b5060bc7
CVE-2020-26267,https://github.com/tensorflow/tensorflow/commit/ebc70b7a592420d3d2f359e4b1694c236b82c7ae
CVE-2020-26247,https://github.com/sparklemotion/nokogiri/commit/9c87439d9afa14a365ff13e73adc809cb2c3d97b
CVE-2020-26233,https://github.com/microsoft/Git-Credential-Manager-Core/commit/61c0388e064babb3b4e60d3ec269e8a07ab3bc76
CVE-2020-20277,https://github.com/troglobit/uftpd/commit/455b47d3756aed162d2d0ef7f40b549f3b5b30fe
CVE-2020-20276,https://github.com/troglobit/uftpd/commit/0fb2c031ce0ace07cc19cd2cb2143c4b5a63c9dd
CVE-2020-16589,https://github.com/AcademySoftwareFoundation/openexr/commit/6bb36714528a9563dd3b92720c5063a1284b86f8
CVE-2020-16588,https://github.com/AcademySoftwareFoundation/openexr/commit/74504503cff86e986bac441213c403b0ba28d58f
CVE-2020-16587,https://github.com/AcademySoftwareFoundation/openexr/commit/8b5370c688a7362673c3a5256d93695617a4cd9a
CVE-2020-12658,https://github.com/gssapi/gssproxy/commit/cb761412e299ef907f22cd7c4146d50c8a792003
CVE-2020-8944,https://github.com/google/asylo/commit/382da2b8b09cbf928668a2445efb778f76bd9c8a
CVE-2020-8943,https://github.com/google/asylo/commit/6e158d558abd3c29a0208e30c97c9a8c5bd4230f
CVE-2020-8942,https://github.com/google/asylo/commit/b1d120a2c7d7446d2cc58d517e20a1b184b82200
CVE-2020-8941,https://github.com/google/asylo/commit/8fed5e334131abaf9c5e17307642fbf6ce4a57ec
CVE-2020-8940,https://github.com/google/asylo/commit/fa6485c5d16a7355eab047d4a44345a73bc9131e
CVE-2020-8939,https://github.com/google/asylo/commit/6ff3b77ffe110a33a2f93848a6333f33616f02c4
CVE-2020-8938,https://github.com/google/asylo/commit/bda9772e7872b0d2b9bee32930cf7a4983837b39
CVE-2020-8937,https://github.com/google/asylo/commit/a37fb6a0e7daf30134dbbf357c9a518a1026aa02
CVE-2020-8936,https://github.com/google/asylo/commit/83036fd841d33baa7e039f842d131aa7881fdcc2
CVE-2020-8935,https://github.com/google/asylo/commit/ed0926bff0e423cd122a18b3d2fc772817f66825
CVE-2020-7791,https://github.com/turquoiseowl/i18n/commit/c418e3345313dc896c1951d8c46ab0b9b12fcbd3
CVE-2020-6018,https://github.com/ValveSoftware/GameNetworkingSockets/commit/bea84e2844b647532a9b7fbc3a6a8989d66e49e3
CVE-2020-6017,https://github.com/ValveSoftware/GameNetworkingSockets/commit/e0c86dcb9139771db3db0cfdb1fb8bef0af19c43
CVE-2019-15523,https://github.com/LINBIT/csync2/pull/13/commits/92742544a56bcbcd9ec99ca15f898b31797e39e2
CVE-2021-25325,https://github.com/MISP/MISP/commit/829c3199ba3afdecb52e0719509f3df4463be5b4
CVE-2021-25324,https://github.com/MISP/MISP/commit/741243f707cac7de1a3769a38e03004f037f4a3d
CVE-2021-23326,https://github.com/ardatan/graphql-tools/commit/6a966beee8ca8b2f4adfe93318b96e4a5c501eac
CVE-2021-22871,https://github.com/revive-adserver/revive-adserver/commit/89b88ce26
CVE-2021-21261,https://github.com/flatpak/flatpak/commit/6e5ae7a109cdfa9735ea7ccbd8cb79f9e8d3ae8b
CVE-2021-21238,https://github.com/IdentityPython/pysaml2/commit/1d8fd268f5bf887480a403a7a5ef8f048157cc14
CVE-2021-3331,https://github.com/winscp/winscp/commit/faa96e8144e6925a380f94a97aa382c9427f688d
CVE-2021-3184,https://github.com/MISP/MISP/commit/8283e0fbec551f45f3f181cdb2cf29cddc23df66
CVE-2020-36177,https://github.com/wolfSSL/wolfssl/commit/fb2288c46dd4c864b78f00a47a364b96a09a5c0f
CVE-2020-36158,https://github.com/torvalds/linux/commit/5c455c5ab332773464d02ba17015acdca198f03d
CVE-2020-35965,https://github.com/FFmpeg/FFmpeg/commit/3e5959b3457f7f1856d997261e6ac672bba49e8b
CVE-2020-35964,https://github.com/FFmpeg/FFmpeg/commit/27a99e2c7d450fef15594671eef4465c8a166bd7
CVE-2020-35963,https://github.com/fluent/fluent-bit/commit/cadff53c093210404aed01c4cf586adb8caa07af
CVE-2020-35517,https://github.com/qemu/qemu/commit/ebf101955ce8f8d72fba103b5151115a4335de2c
CVE-2020-28472,https://github.com/aws/aws-sdk-js/pull/3585/commits/7d72aff2a941173733fcb6741b104cd83d3bc611
CVE-2020-28374,https://github.com/torvalds/linux/commit/2896c93811e39d63a4d9b63ccf12a8fbc226e5e4
CVE-2020-26298,https://github.com/vmg/redcarpet/commit/a699c82292b17c8e6a62e1914d5eccc252272793
CVE-2020-26293,https://github.com/mganss/HtmlSanitizer/commit/a3a7602a44d4155d51ec0fbbedc2a49e9c7e2eb8
CVE-2020-26272,https://github.com/electron/electron/commit/07a1c2a3e5845901f7e2eda9506695be58edc73c
CVE-2020-26262,https://github.com/coturn/coturn/commit/abfe1fd08d78baa0947d17dac0f7411c3d948e4d
CVE-2019-25016,https://github.com/Duncaen/OpenDoas/commit/d5acd52e2a15c36a8e06f9103d35622933aa422d
CVE-2021-27229,https://github.com/mumble-voip/mumble/commit/e59ee87abe249f345908c7d568f6879d16bfd648
CVE-2021-27138,https://github.com/u-boot/u-boot/commit/b6f4c757959f8850e1299a77c8e5713da78e8ec0
CVE-2021-27135,https://github.com/ThomasDickey/xterm-snapshots/commit/82ba55b8f994ab30ff561a347b82ea340ba7075c
CVE-2021-27097,https://github.com/u-boot/u-boot/commit/8a7d4cf9820ea16fabd25a6379351b4dc291204b
CVE-2021-27097,https://github.com/u-boot/u-boot/commit/b6f4c757959f8850e1299a77c8e5713da78e8ec0
CVE-2021-27097,https://github.com/u-boot/u-boot/commit/6f3c2d8aa5e6cbd80b5e869bbbddecb66c329d01
CVE-2021-26927,https://github.com/jasper-software/jasper/commit/41f214b121b837fa30d9ca5f2430212110f5cd9b
CVE-2021-26911,https://github.com/canarymail/mailcore2/commit/45acb4efbcaa57a20ac5127dc976538671fce018
CVE-2021-26826,https://github.com/godotengine/godot/pull/45701/commits/403e4fd08b0b212e96f53d926e6273e0745eaa5a
CVE-2021-26567,https://github.com/knik0/faad2/commit/720f7004d6c4aabee19aad16e7c456ed76a3ebfa
CVE-2021-21323,https://github.com/brave/brave-core/commit/12fe321eaad8acc1cbd1d70b4128f687777bcf15
CVE-2021-21309,https://github.com/redis/redis/commit/c992857618db99776917f10bf4f2345a5fdc78b0
CVE-2021-21307,https://github.com/lucee/Lucee/commit/6208ab7c44c61d26c79e0b0af10382899f57e1ca
CVE-2020-36254,https://github.com/mkj/dropbear/commit/8f8a3dff705fad774a10864a2e3dbcfa9779ceff
CVE-2020-28337,https://github.com/microweber/microweber/commit/777ee9c3e7519eb3672c79ac41066175b2001b50
CVE-2020-28248,https://github.com/gemini-testing/png-img/commit/14ac462a32ca4b3b78f56502ac976d5b0222ce3d
CVE-2020-28194,https://github.com/accel-ppp/accel-ppp/commit/e9d369aa0054312b7633e964e9f7eb323f1f3d69
CVE-2020-18750,https://github.com/flexpaper/pdf2json/commit/80bf71f16c804108fd933e267fe31692aaa509b4
CVE-2020-1896,https://github.com/facebook/hermes/commit/86543ac47e59c522976b5632b8bf9a2a4583c7d2
CVE-2019-17582,https://github.com/nih-at/libzip/commit/2217022b7d1142738656d891e00b3d2d9179b796
CVE-2021-29418,https://github.com/rs/node-netmask/commit/3f19a056c4eb808ea4a29f234274c67bc5a848f4
CVE-2021-28041,https://github.com/openssh/openssh-portable/commit/e04fd6dde16de1cdc5a4d9946397ff60d96568db
CVE-2021-24029,https://github.com/facebookincubator/mvfst/commit/a67083ff4b8dcbb7ee2839da6338032030d712b0
CVE-2021-24025,https://github.com/facebook/hhvm/commit/08193b7f0cd3910256e00d599f0f3eb2519c44ca
CVE-2021-21413,https://github.com/laverdet/isolated-vm/commit/27151bfecc260e96714443613880e3b2e6596704
CVE-2021-21402,https://github.com/jellyfin/jellyfin/commit/0183ef8e89195f420c48d2600bc0b72f6d3a7fd7
CVE-2021-21401,https://github.com/nanopb/nanopb/commit/e2f0ccf939d9f82931d085acb6df8e9a182a4261
CVE-2021-21381,https://github.com/flatpak/flatpak/commit/eb7946bb6248923d8c90fe9b84425fef97ae580d
CVE-2021-21378,https://github.com/envoyproxy/envoy/commit/ea39e3cba652bcc4b11bb0d5c62b017e584d2e5a
CVE-2021-21375,https://github.com/pjsip/pjproject/commit/97b3d7addbaa720b7ddb0af9bf6f3e443e664365
CVE-2021-21364,https://github.com/swagger-api/swagger-codegen/commit/35adbd552d5f99b3ff1e0e59da228becc85190f2
CVE-2021-21335,https://github.com/stnoonan/spnego-http-auth-nginx-module/commit/a06f9efca373e25328b1c53639a48decd0854570
CVE-2021-21324,https://github.com/glpi-project/glpi/commit/aade65b7f67d46f23d276a8acb0df70651c3b1dc
CVE-2021-21300,https://github.com/git/git/commit/684dd4c2b414bcf648505e74498a608f28de4592
CVE-2021-21255,https://github.com/glpi-project/glpi/commit/aade65b7f67d46f23d276a8acb0df70651c3b1dc
CVE-2021-20271,https://github.com/rpm-software-management/rpm/commit/d6a86b5e69e46cc283b1e06c92343319beb42e21
CVE-2020-36281,https://github.com/DanBloomberg/leptonica/commit/5ee24b398bb67666f6d173763eaaedd9c36fb1e5
CVE-2020-36280,https://github.com/DanBloomberg/leptonica/commit/5ba34b1fe741d69d43a6c8cf767756997eadd87c
CVE-2020-36279,https://github.com/DanBloomberg/leptonica/commit/3c18c43b6a3f753f0dfff99610d46ad46b8bfac4
CVE-2020-36278,https://github.com/DanBloomberg/leptonica/commit/8d6e1755518cfb98536d6c3daf0601f226d16842
CVE-2020-35518,https://github.com/389ds/389-ds-base/commit/cc0f69283abc082488824702dae485b8eae938bc
CVE-2020-35508,https://github.com/torvalds/linux/commit/b4e00444cab4c3f3fec876dc0cccc8cbb0d1a948
CVE-2020-28346,https://github.com/projectacrn/acrn-hypervisor/pull/5453/commits/ae0ab82434509d6e75f4a2f1e1a0dd2ee3dc3681
CVE-2020-27829,https://github.com/ImageMagick/ImageMagick/commit/6ee5059cd3ac8d82714a1ab1321399b88539abf0
CVE-2020-24994,https://github.com/libass/libass/commit/6835731c2fe4164a0c50bc91d12c43b2a2b4e
CVE-2020-15260,https://github.com/pjsip/pjproject/commit/67e46c1ac45ad784db5b9080f5ed8b133c122872
CVE-2020-1921,https://github.com/facebook/hhvm/commit/08193b7f0cd3910256e00d599f0f3eb2519c44ca
CVE-2020-1919,https://github.com/facebook/hhvm/commit/08193b7f0cd3910256e00d599f0f3eb2519c44ca
CVE-2020-1918,https://github.com/facebook/hhvm/commit/08193b7f0cd3910256e00d599f0f3eb2519c44ca
CVE-2020-1917,https://github.com/facebook/hhvm/commit/08193b7f0cd3910256e00d599f0f3eb2519c44ca
CVE-2020-1916,https://github.com/facebook/hhvm/commit/abe0b29e4d3a610f9bc920b8be4ad8403364c2d4
CVE-2020-1900,https://github.com/facebook/hhvm/commit/c1c4bb0cf9e076aafaf4ff3515556ef9faf906f3
CVE-2020-1899,https://github.com/facebook/hhvm/commit/1107228a5128d3ca1c4add8ac1635d933cbbe2e9
CVE-2020-1898,https://github.com/facebook/hhvm/commit/1746dfb11fc0048366f34669e74318b8278a684c
